"","UMAP_1","UMAP_2"
"TCAACGATCTTGGGTA-3",-7.18511563368109,-1.21575472475328
"ACGCCAGAGCTGAACG-4",-12.5806882960346,-0.0381501239661201
"CTGTTTATCCACGAAT-4",-10.3015153986957,2.03836562513075
"TGAAAGATCACCGGGT-4",-8.27453595228461,2.02133717416487
"TTCCTTCGTCTGTGGC-1",4.71935099534723,5.11720933793745
"AGCGCCAGTAGCGATG-2",8.59677428178522,-6.21752462507524
"ACACCGGCATCTCGCT-3",-7.76228123731879,0.24980189307294
"AGGAAATCAATAGTGA-1",9.39372080735895,6.53104486345015
"GTGCAGCTCCGATAGT-2",8.51748055391046,-6.72879848600664
"GCTTGGGGTCACTACA-1",6.2409178631756,11.2294353473063
"GTATTTCAGCACGGAT-2",6.60074514322015,-7.95755920530596
"CCTACACAGGGTGTGT-4",-11.4780634028461,1.11480142949782
"GTGCTGGGTGACATCT-1",6.01925462655756,12.072418593156
"CCGTGAGCACTGTTCC-2",10.6264268773052,-4.54559288145342
"TATCCTATCGACATCA-1",5.69546502999994,5.82165756105147
"ACGAGCCTCACTCTTA-4",-9.12478524275092,0.927941583382703
"GGTCTGGTCCGCAACG-2",9.7200643437359,-4.21506939054766
"TTGGCAATCTCTAAGG-4",-10.8982933146503,0.850637637364484
"CTGTGGGCACCTGAAT-2",10.0809032338116,-3.92220935941973
"ATAGACCAGCAGCGTA-4",-9.9737194163349,-1.10344205023088
"ATCACGAAGTGTACGG-3",-7.02350407667426,0.488987885701276
"CCTGCATAGGTTATAG-1",12.1240417378399,4.08052554010115
"CAACCTCCACGGCGTT-4",-11.3627994639423,-0.230633236182116
"AAGGCAGCACATAACC-4",-9.24564248152045,-1.00688479067125
"CAAGAAAGTAGCGTCC-4",-9.01041966505316,2.71081199525557
"ATCACAGAGCAGGCTA-2",7.85298794679376,-3.15504274488725
"TATCTCATCTCTAGGA-4",-9.03135663099554,2.15772774099074
"GCGTTTCCAAGCGCTC-1",6.24761313371393,11.2621139514323
"AGGGTGAAGATGCCAG-4",-12.5150020701435,0.188945045980431
"ACGGCCAGTGGACGAT-4",-11.1857841593769,-0.83340475679674
"AATAGAGTCCTGGGTG-1",12.2835981266949,4.24603643296919
"GTGGTTATCTGAGGCC-1",5.78580349855157,6.14673318742476
"CAGCAGCCAGCTCGCA-4",-8.80955296583441,1.94119789479933
"TGAGCATCAAAGAATC-4",-10.3076208216694,-1.59447488905229
"TGCCAAAAGACTCGGA-4",-12.3667343241718,-0.638108469260119
"TGCAGATCACGGCCAT-2",9.96208924226495,-5.87753496290483
"GGACGTCTCCTGCTTG-4",-11.6313903910663,-1.26034054876604
"GCTGCGAAGAGCTGCA-3",-7.76949482984808,-2.91598305822649
"CGAGAAGGTTATGCGT-3",-7.12244301862982,0.967076860653974
"AAGGTAAAGATGTTGA-2",10.0018960850689,-7.4189148914937
"GGGATGAGTCCGTCAG-3",-7.03865414686469,-2.28065381170549
"TATGCCCTCTCCTATA-4",-10.3307722193745,-0.770512439024828
"GTACAACGTGGCTGCT-1",10.0371643918011,6.86413326142988
"TACGCTCGTCCTGGTG-2",6.81426066331598,-2.41662917257585
"GGCTCGACATATACGC-3",-5.56711941786078,0.260286648112156
"CGCTGGACAAGCGTAG-4",-12.3096225840595,-0.838209487212084
"AAAGCAATCGTTACGA-3",-8.91202241010931,-0.44441048027315
"GCTCTGTAGTACTTGC-3",-7.63691407270697,-1.78099963785448
"CATGCAAGTGGTTCTA-2",6.75799960069391,-2.35617861868181
"CACAGATCACTCCACT-1",8.10864991121027,6.93570461152754
"CCCAGTTCAAAGTCAA-4",-8.51796799726752,1.54950668691359
"GCCAGTGGTCTGTAAC-2",10.0208084004376,-7.80122337461748
"GTTTCTATCTTGTATC-4",-11.3030870539692,1.08879282354078
"TCCAGAAGTCCTACAA-1",6.60533231668207,11.6121143329021
"CAGCAGCGTCAAAGAT-4",-9.26511365003851,-0.500759400141619
"GGACATTTCAACACGT-4",-11.7852409464863,0.93589033960066
"TATATCCGTGCTCCGA-2",6.93878334932062,-7.00166330457964
"ACATCGAAGCGTTGTT-1",5.66727608613702,11.1138919818278
"AGCATACAGAGAACAG-3",-8.28822785444525,-0.397942520392321
"AGGACGAAGTGCGTCC-1",7.07050055436823,-1.8276747238759
"GATAGAATCCATCCGT-2",9.8022028820965,-6.01747427107134
"AGGAAATCATGGCTAT-2",11.0094987767193,-4.17302284361162
"GTTGTGACACTTCCTG-2",10.2638160603497,-6.96743736387529
"GCATGATCAGTCGATT-4",-9.52583008833197,1.34772183774672
"TGCGATAGTTACGCCG-1",9.41593188218805,6.58204307435713
"TTCGGTCGTGCCAAGA-1",10.4549042599651,6.19668617128096
"CATCGGGTCTCTTGAT-4",-11.6744993311909,0.238831579970934
"ACTTGTTTCCAAACAC-4",-11.5731046778705,0.96990426658354
"GCCCGAATCGACCCAG-1",11.1651822941754,5.26611080049238
"GATCGTACAATGGATA-4",-9.45582562513617,-0.486489988577746
"GTGGGAATCTTTCGAT-2",9.4295369999859,-6.03577337385454
"CAACAGTTCTAGACCA-2",8.58275956086847,-6.55391988874712
"GAACATCAGTGAACGC-4",-9.49840050764349,-0.0613236498955711
"AGGTCCGTCCAGGGCT-3",-6.49188691206244,-0.823556519759081
"GTAACGTTCACTTATC-4",-7.41459542341498,1.48951306222639
"GTTCATTTCCTCCTAG-3",-7.55280476637152,-1.0410263311986
"GGATGTTCAAAGAATC-4",-10.6862314326313,1.00714942096434
"GATGATCGTCAAAGTA-2",7.66127985887262,-6.79229936720171
"AGGACTTAGCAATTAG-2",7.46955603532526,-7.1019564640645
"CTACGTCCAGTTCCCT-3",-6.95973568983344,1.02219422935209
"TCTGTCGAGGAGCTGT-1",11.1019861119244,5.56635036348067
"CCACGGAAGCTGCGAA-3",-5.56588059492377,-0.153478927624606
"TCAATCTAGTATGACA-3",-6.50396328993109,-0.967060066473864
"GGCGACTGTCGAAAGC-4",-12.0941875559833,0.251076307433464
"CTACATTAGCAGGTCA-4",-12.228617487624,0.308720767783739
"TCGGTAAGTGACTCAT-4",-11.6173208338764,-0.252600557816409
"GGTCTGGTCGAGATGG-1",6.35391682557794,12.4429344165202
"ACGAGGAGTGGCCCTA-3",-6.21877366133002,0.141983807372667
"TCAGGATAGACTAGGC-4",-9.22132664747504,1.57445099233351
"TAACCAGGTCACAATC-2",8.26793831758234,-5.69836530805864
"GAGATGGCAACGATCT-2",9.73614233903619,-7.96512756468096
"ATTCATCAGGGTAATT-1",5.79945105485651,5.96545066713057
"TAAGTCGTCCTCAGAA-1",9.39960259370538,6.68328370927534
"CCGATGGTCGGTCATA-2",7.12611550264093,-8.38845214964189
"GGGTGAAAGTCAGCGA-2",9.52419489793512,-8.13112506986895
"GTCACGGGTATATCCG-4",-9.47462826795844,-0.50727007509508
"AAACGGGCAGTGAGTG-4",-10.3649032694843,1.25417544721327
"ACATCCCCAACCGGAA-2",9.85061615876886,-7.93994484068193
"GTCCTCACACACATGT-3",-7.96705418653754,-1.82646403433122
"AGGTAGGCAAGGAGTC-2",8.47533577851984,-5.6271520626668
"GAGTCCGCAACACCTA-4",-11.9008539301899,0.0309519696112648
"ACGGGCTAGACTTGAA-3",-6.72923642225531,0.871766053425886
"TGCACGGAGTGGCGAT-2",9.85631770066949,-8.20853481413164
"TCTCATATCCTGTAGA-3",-7.98275452680853,-0.304543174517535
"ATTGGACTCTACCAGA-4",-10.9862650019672,0.351089589583494
"ATGAGTCCACAACGTT-2",9.68293637208673,-8.25101337553301
"ACGCACGCATAAGATG-2",10.873604955003,-4.53093919874468
"AACTCAGTCACTCCTG-4",-10.4011228663471,2.03972663758955
"TCCAGAACAAGGCGTA-2",4.97089451722833,5.16984310029707
"CCCTCTCAGCGTTACT-2",8.54951781205865,-4.25813589216509
"GTTCCGTTCGAGAGCA-2",7.2620474713299,-6.98924169660845
"AGTTCCCTCGGTTAGT-1",8.45376891069147,7.13068475602827
"GTATCTTCAACGCACC-4",-10.4939668757465,-1.14326081396379
"GTGTGGCCAGACCCGT-1",8.75251978807184,7.4080533015605
"ATTGGTGGTGCGAAAC-4",-9.16254788465765,1.7668509709712
"TTCACCGTCTGAGAGG-2",6.56241125039789,-7.36429557920732
"TACCTTATCTCTGTCG-4",-11.2467315775898,-1.37690744520464
"CATGACATCAGTACGT-4",-9.22101193495062,2.8389865386363
"CTAGCCTGTGGGTCAA-4",-11.1866090876606,1.64338722108565
"AGGGTCCGTACCAATC-1",6.70365494661066,-1.27186212660112
"TTTGTCACAAGAGTCG-3",-5.84388428755072,-0.922444082510851
"AGAGCGATCTTGAGAC-4",-11.3068378550556,-2.14345560194292
"GCACTCTGTAAGGGAA-3",-9.18320447035101,-1.85601649404802
"CGTAGCGAGTCTCCTC-3",-6.26077920027045,-0.0944563222054466
"CGTCAGGAGTGACTCT-3",-6.71146088667181,0.68551551579199
"TGAGGGATCTGGGCCA-3",-5.50436955518988,-1.48606095434465
"TTAGGGTAGGCAGGTT-2",9.55535715989801,-5.71089277387895
"GGTTCTCGTCCCAAAT-2",7.38013523988458,-7.9182258618001
"GTTAAGCCAGCGTAAG-4",-12.548888025954,0.13902021228037
"TGCTGCTCAATCCGAT-4",-12.2213562113788,-0.0254219693068489
"CTCTAATCATCACGAT-3",-7.71887379713324,-0.976461745512865
"CCGGACATCGCAGTTA-2",8.6495191472027,-4.40025005461016
"CGTAGCGTCCGTAGTA-4",-9.61614686079291,2.4327332007762
"GTCTCGTCAGCGTTCG-4",-8.4705923182514,1.84709169744215
"TGACCCTGTCAGTCGC-2",8.97026986055109,-8.25891456724443
"AAAGTAGTCCTTGACC-4",-10.6726635081318,1.53072085260115
"GACGCGTTCCTCATTA-3",-8.13648778028754,0.241659730958559
"CCACGGATCGTCACGG-4",-10.5815532786396,2.02951612352095
"ACTTTCACAAATGATG-2",8.95559948854181,-4.54563913465776
"TAGACTGTCTAAGCGT-1",9.66676777772638,7.41243781923018
"ACAGAAACACTGCACG-2",9.73034304551813,-5.91759166837969
"ACGAGGATCTAGCACA-3",-8.69504147596625,1.1589505302783
"GTGTAACGTGCCCACA-2",7.9745432751629,-3.78341589094438
"CAGAGCCAGACGCCAA-2",9.66105479173395,-6.31692609907427
"CTGCGAGCAGCGACCT-2",8.70830029420587,-4.08995113493242
"GTGTTAGTCCACTGGG-4",-8.43739396162299,1.01038631080351
"AACTGGTGTAAGTAGT-3",-6.24939805097845,-1.16746673704424
"GGCGACTGTAACGCGA-3",-7.49673825331,-2.80965290190019
"CTCACACCAGAGCCAA-3",-6.39108449049261,-1.23599109770098
"TCGATTTGTTTATGCG-1",8.27882260255548,7.10354938386641
"GTAGTCAAGTTGTAGA-4",-11.2594202143696,1.44195165513716
"AAGTCGTTCACTGGGC-2",10.6835739033672,-4.07015905500688
"CGCCATTGTTTCACAG-2",10.2905833142254,-4.04350624204912
"CTCATCGTCGCTTGCT-2",10.6033651249859,-3.87517986418047
"TACAGTGCATTAGCCA-4",-12.0789154154804,-1.15754912020006
"ATCGAGTTCACCCTCA-3",-5.88348370619086,-0.781686462176226
"GTGGGTCGTAAGGATT-3",-7.8581770045307,-0.982652999174975
"ACAGAAACAGCACGAA-2",10.9250833409283,-4.05038414121904
"ACGATGTGTATGATCC-2",9.79697150163385,-7.67469272733965
"AATTTCCTCCTCGATC-2",8.8308026211712,-4.3173089993123
"CGATCGGTCAACACCA-4",-10.8484380824116,-1.212913848174
"TATCTGTCAAACGGCA-1",11.1032745259258,5.12200107454024
"TCGGGACTCTCGATGA-3",-6.57579690046576,-1.71398220182695
"GATGATCTCGAGAGAC-1",6.66546935014459,-1.29471037508287
"CTTTCAAAGCGATTCT-2",7.93004483155939,-5.76101741911211
"CGATCGGTCATTGCGA-3",-8.17884713239935,-2.04139146925249
"TGTTCATTCACTGCTC-2",9.81296175889703,-5.51414594770708
"CGGTTAATCAGTGTTG-3",-7.79819756574896,-0.0468705964211449
"CCCTTAGGTTGGTAGG-1",9.94734352998468,6.5376600253459
"CGAAGGAGTCTTTATC-1",9.33355301789972,7.1258472430583
"TTCGATTCAGGAACCA-2",7.47377032212946,-6.35513076902666
"TTGACTTCAACACGCC-4",-8.37862568922308,1.07622321723662
"ACCCTCAGTTCCTAGA-2",9.54605168275568,-7.60082111479082
"CAGATTGTCTGAGAGG-1",10.8294374363873,4.06317415116987
"TCACAAGGTTGTCTTT-4",-10.5739849192646,-1.69733653188982
"AGGCCGTCACTGCCAG-4",-10.9414957148578,-0.374596036684893
"GGAATAAGTTGGAGGT-4",-12.1993511302021,-0.348093367827319
"GACGTGCGTAGGACAC-3",-8.14094334669379,-1.55460510374346
"TACGGGCGTGTGCGTC-4",-9.22575074262885,-0.288545675290011
"GGAGATGGTGTCTTAG-2",10.0612308400128,-6.72817859770098
"CAAGAGGTCTGTCGCT-1",6.86634272508356,-0.518009461176775
"CGGCAGTTCCGTAGTA-2",10.3548180478069,-4.22718391538896
"ACAGCCGAGGGCGAGA-2",8.38194579057428,-5.56703720213213
"ACGCCGAGTGTTGAGG-3",-5.86515503950385,-0.852114774001025
"GTTAGTGTCCAGCAAT-1",6.90080517701837,11.8396181094523
"CCTAACCCACTTCATT-1",9.77561921052667,7.34264554856978
"TGTAACGCATGATCTG-2",10.6704236882183,-3.91907558561601
"GTGGGTCCAGCTCGCA-4",-12.2795360667255,-1.17981240869799
"CAACAACTCACGAGGA-2",8.8965141194317,-6.35278568388262
"CCTTACGGTTAAGAAC-4",-10.5121152979877,2.07795336126051
"ATAGACCCATGAACCT-3",-7.5284126383808,-0.910698629629992
"CATCAAGTCAAAGGAT-1",9.18848484925958,6.52860154985151
"AGCCTAATCAATCTCT-4",-8.8894441706684,1.8379153239604
"TGGCGCATCAGTCCCT-4",-8.06179505415228,2.160163902032
"TCGCGAGTCGTATCAG-3",-7.49664765424994,-1.08533105970659
"AACTCCCCATCACGTA-3",-8.09027367658881,-1.76013252855577
"GACGTGCAGCGATCCC-4",-9.17062645979193,1.42908742307387
"GAAATGACACTATCTT-3",-6.57716065473822,-2.10026607633867
"ACCTACCAGTCATTGC-2",8.31872433595392,-5.6858073246602
"CTGTTTAAGTTCCACA-4",-11.5975664240864,-0.33641544700899
"TTACGTTTCGCCGAGT-1",9.5735389607403,7.27019681810103
"CTAACTTGTCGTGTTA-1",10.1551243679974,6.49518289445601
"TGGGAAGTCGTTCTAT-1",11.2111617939922,3.92240872262678
"CCATGTCAGGACCACA-3",-9.4914949519184,-0.169824219954394
"ACCGTAAAGTCAAGGC-4",-9.53148728437689,0.950804077374555
"CTAGAGTGTGCTCTTC-4",-11.5146558863666,-1.28009197832384
"GTTAGACTCGCTTAAG-1",9.19022387437555,7.52792825578413
"AGTGACTGTACTGAGG-1",11.1578943150494,5.27342262147627
"CCTAAGATCAAACGAA-2",10.2140781300518,-8.23198661924639
"ATCGAGTAGACAGACC-4",-8.87422162122992,2.65476431726179
"CCGGACACAAACGGCA-2",9.78985566072198,-5.2911826145772
"GTACTTTCAAGTAATG-4",-10.812372980788,0.333334818768121
"ATCGAGTCAACGATCT-4",-9.80055790968207,1.54562523244581
"CTCAGGGAGATAGCTA-2",7.96259135179254,-6.23441801191606
"TAAGCCAAGACAAGCC-1",10.5456859486553,5.74372091172896
"TCTGAGATCTCCGGTT-4",-10.8108661753681,-2.21161041380205
"TGAGGGACAATGGACG-3",-7.34919339247015,-2.21062359930315
"GGGTTGCGTCACCCAG-4",-10.250192461684,0.680543743359663
"ATGTGTGTCGAGCCCA-4",-10.5752885920551,-2.23087606550493
"CTACACCTCCCGACTT-4",-10.9455888850239,-0.375831581366442
"TAAACCGCATTGGGCC-3",-6.85151082105902,-0.332426763785265
"CAGAATCTCTAGAGTC-3",-8.1453035456684,-2.66617307783403
"TGCAGGCTCATCACCC-1",6.87827414445612,9.65965976594648
"ATTACTCAGTGTTAGA-3",-6.92489033766058,-1.37136349798479
"CATCGGGGTAGAGGAA-1",5.65676778726312,11.0370086657878
"AGGACTTTCAACGCTA-2",7.95793074540826,-6.48923692823686
"TGCACGGAGCTAGTTC-1",6.7213808911297,6.21783008455
"CCACGGACATTACGAC-3",-8.46927910871771,-1.75571129442491
"ACTATCTCATCGGGTC-4",-12.5689380747822,-1.05499050737657
"ACTTTCACAGGTCGTC-4",-11.3889921290424,0.258714113670208
"CCCTGATGTGGCTTGC-2",10.1132490056011,-4.68933782697954
"CGAGCCACAACACCCG-4",-8.49801236219672,1.43444814561567
"CACAACAAGTATCTGC-2",9.97553271226617,-5.62072191358843
"TGTATTCTCGTGGTCG-4",-10.7427070719745,-1.35487387300768
"TTCTAACGTTGGGTAG-1",12.0989982502911,4.11693348764143
"GGATGTTGTAGGGTAC-2",9.60696953706476,-8.03622207762041
"TCATTGTGTTGTACGT-2",9.87110346727106,-7.97329197050371
"TTAGTCTTCTCAACCC-2",9.71481675080988,-7.89335498930254
"TTGACCCAGCTGGAGT-1",9.3876726048443,6.92451133607588
"ACTTAGGCAGACCAAG-1",11.4248020070049,5.39128389238081
"CTCATGCAGGCTATCT-2",8.6736685650799,-4.32599268080034
"CCCTTAGCAGACGATG-2",8.3399578946087,-4.1296778690938
"ACGAGCCGTCCGAATT-3",-6.17103844709662,-0.857030488264941
"CAGCCGATCTGACCTC-3",-6.76269417829779,0.71528019784651
"TGTTCCGAGTGATCGG-3",-7.27275830335883,0.142859332549192
"TCCTCGACAGAGGAAA-2",8.99187821321222,-5.39429865003862
"AGACTCAGTCCCACGA-1",6.16119069032404,12.6832097995158
"CTTTCGGCAGCAGACA-1",6.19765991143915,11.1780866610881
"ACGCCAGTCAACGGCC-4",-8.98938447065619,1.37211301206312
"TACTGCCGTCCTGAAT-2",9.4761793034527,-7.47812280775347
"GTGTTAGCAGCAGATG-2",6.86662024430963,-1.4280667078618
"GTGACGCTCAATGTCG-2",7.06033867768976,-6.96541366697588
"GTGCTTCAGCGCCTCA-4",-10.0707262141254,0.977934740769483
"GAATAAGTCAAAGTAG-4",-7.36610871382025,1.23404433606825
"TACTCATAGACTAGAT-3",-5.77391606397894,-2.00033841253557
"GATGCTATCTGGTTCC-4",-10.2418115717914,1.74245610116682
"TAGGTACAGATAGTCA-2",10.6397859471295,-4.19591007353105
"GCAGCCATCAGGTTCA-3",-7.44474583692816,-1.72284517408647
"TCCACACGTCTGGTCG-4",-6.38572674818304,2.10117711900435
"CTTAGGATCCTTACCG-1",10.3840896504376,6.04740896104536
"AGAATAGTCATCTGTT-4",-10.2015750987079,1.43538668035231
"GGACAAGAGTAGGTGC-3",-7.07977086134222,-0.500967718375109
"GGTGCGTAGATGTAAC-4",-9.71083050794867,0.348187469231702
"CAGCATATCGGACAAG-3",-7.5483215434101,-2.00900969625749
"GTGTAACTCCACCTCA-1",11.5149223225567,5.06136121629439
"ACCGTAAGTTGTCTTT-3",-8.1723278147724,-0.0336197090271934
"CGTTCTGGTCTTCCGT-2",6.8459073918316,-8.04299221159258
"CGCTTCAAGGAATCGC-3",-7.24163323469427,-2.12392292143144
"GGCAATTAGCTGTCTA-3",-6.71420842237738,0.289159640955545
"TACTCATGTGTTCGAT-4",-11.1343544108417,0.213762954628833
"GTCAAGTGTATCAGTC-3",-6.43678647108344,-1.39295992971697
"GCTCCTAAGGCGACAT-4",-10.4096057993915,1.51350512384138
"CGAGAAGCAATCGCAT-1",10.9823486226055,5.59744968293867
"ACTCCCAGTAGATCCT-1",5.60801619462701,8.81652297853193
"AAGGAGCGTAAATGAC-3",-7.73271542616156,-1.7621629011754
"CATCCGTCAATTGAGA-2",9.63070601396295,-5.3763876927022
"GACCTGGGTGCAGACA-3",-7.25015812940863,-2.01075825811663
"GGACGTCTCCGGCAGT-2",7.60540455751154,-7.06721840025225
"AACTGGTCATGACGGA-4",-12.1666877848652,-1.2994457256917
"TGCAGTACAGAGGTAC-2",9.1284682171795,-6.51975116850176
"GTTTACTGTGCCCAGT-1",5.87771386079523,5.94949235795698
"ACGGAAGGTATCCTCC-2",10.2705356495831,-7.33048114897051
"TGAACGTCATCACGGC-1",12.2275220768902,4.42414750932417
"CTTCTCTGTCGCTCGA-1",6.19076246194574,12.2305492389079
"CCTACCAGTTACGGAG-3",-8.45171242780951,-2.22078690649309
"CTCGTACCATTCCTCG-3",-7.34713059492377,-1.20392928243913
"CAACTAGAGAAGGACA-4",-11.0749576670673,-0.373429454577349
"GTGCGGTTCCGCGTTT-4",-9.08608704633978,1.6195737349864
"TACTTGTTCTTGGAAC-1",7.8569518940899,7.39526595948897
"TAGTGGTGTTCAACCA-4",-11.6359260661152,-1.13209543348589
"TCAAGACGTCTCACGG-2",10.832646550462,-4.43408498884477
"GATAGAATCCGTGGCA-2",6.75394410066339,-2.53696093679704
"TAAACCGTCTGCGTAA-4",-12.080912409499,-0.353345192683123
"TACATTCTCCAACTAG-2",5.71675557069513,5.50301732896528
"CGTTCTGTCTGATTCT-4",-9.4600999934223,-0.71416852594652
"TCCTGCATCCCTCATG-1",12.1809102910015,4.20471539376936
"GGACAAGGTAAACCTC-4",-8.9277046305683,2.19505073903761
"TACCCACAGGTAACTA-1",7.79674834184381,7.47393503068648
"CCTTACGGTAGCGTAG-4",-10.2102983576801,-0.253398723614596
"TACAGTGCACGAAACG-4",-9.76006108351019,0.827245913731672
"AACGGGAAGAGAGGTA-2",7.15601891450616,-8.07637367368975
"GCACGTGAGTGCCGAA-1",9.21324223451349,6.52179994462691
"TGACAGTCACAGTGTT-2",8.03772372178766,-5.41438255430498
"GACTACAGTCCGAATT-3",-8.62471276350287,-1.86761245847978
"CTCGAAACAATCGAAA-3",-6.53251343794135,-0.0547862422589287
"TAAGAGACAGCTGGCT-4",-10.0451486689594,2.40301098703108
"TCGACCTTCCGAAATC-2",9.7562815564129,-7.36085996748247
"GGTGAAGTCTTAATCC-1",6.13063377313348,-0.438668586028002
"TCAGCCTGTCCAGCAC-1",6.99911183290216,11.8659366595622
"ACTGAGTTCAATCACG-4",-11.9661892039326,-0.844423390639208
"TGCGGGTCAATCGGTT-4",-5.99977379865912,-1.58647689939775
"TCAGCTCTCCTGCCAT-3",-6.66559105940131,-0.495235718500994
"TTCCACGAGAGCAGTC-2",10.4461337941143,-4.65906152845659
"TTGGTTTGTTCTCAGA-1",10.8511459248516,3.89190497277937
"GTCGTTCAGCCGAACA-1",6.16879171304437,11.1621126162883
"CCTAAAGTCAAACCAC-3",-7.46928959913519,-2.45433936239519
"CCAGCGAGTAGGGACT-4",-9.38309174604681,2.18704523919783
"GTCAAGTGTACTTCTT-3",-6.52107983656195,-2.11154971243181
"ACTGAACTCAGTTGAC-3",-7.43123990125922,-2.53572855116167
"AACAAGAAGAGTTGAT-2",8.06936949662897,-5.90751133085527
"ATGTGTGGTCATCCCT-3",-7.99681836195258,-0.960965014708422
"TGAGCATCATACTACG-4",6.29763025216791,-2.34187350393572
"GAAACCTCACCATAAC-1",6.78408497743341,11.2937911975261
"TGTGGTATCTTCAACT-3",-7.29680138654974,-0.164541102660082
"AGGCATTGTTCGTGCG-1",6.87813872270319,11.8430990207072
"ATCCGTCGTAGTCGTT-1",5.70557588510248,11.0635217654582
"TTTATGCCAGTTGTTG-1",4.55938989095422,4.9909538256999
"TGAGGAGCACCCTAGG-1",10.8561031239483,4.07079758523665
"AGAAGTAAGAGCATAT-1",9.19880169801447,7.05099143861494
"TTTGCGCCAGATGGGT-4",-8.71409874983099,2.39809765695296
"CTCCCTCTCCTGTAAG-1",10.7636052983257,5.9770640361186
"TCCCACACAAAGCTCT-1",8.386309327409,6.82311572908125
"TCTGGAAAGCTCCTTC-3",-7.14445763654974,0.40020074723921
"CGTGAATTCGTGACTA-2",7.7691857235882,-3.23569808126726
"GAGCTGCGTAACCCGC-1",9.35609597139093,7.28348293184004
"CCTACCAAGCAGCGTA-3",-7.50298195905951,1.95401182054243
"CCACGTTCAGTGTGGA-1",6.26917475633356,12.6056703555461
"TGGGCGTCAGTACACT-3",-6.75147133894232,-0.220890707981966
"TTGCCGTCAGTAAGAT-4",-9.3585899455097,-0.843658067000292
"GGACGTCCATAGGATA-3",-7.54901867933539,-2.71060786367693
"TCTGGCTTCTTCGTGC-1",7.15265292100641,11.8798307406779
"CTACATTCACCTCGGA-4",-10.685085116103,2.07233979581556
"GGATGTTTCCAGTACA-2",7.11380070619318,-7.90963039518633
"TTCATTGCAAATAAGC-2",6.28599637918207,-7.74639091612139
"TGAGCCGAGACTAGAT-3",-8.10035401411322,0.448277391779043
"GGGATGACAGTTAGAA-1",9.1707012074444,6.94397010682783
"GGGCCATGTTGTTTGG-2",4.91599530153009,4.77848472474775
"GTGGGTCCAAAGCAAT-4",-9.40467053480414,0.00743537424764787
"GAATAAGGTGACCAAG-4",-10.3708389384296,-0.00760353328027571
"GACGTTAAGGGCAGGA-1",9.35385865144464,7.10787382005415
"CATTATCCATCAGTAC-4",-8.90451890058783,0.980797671067335
"CGTGTAACAAGCTGTT-3",-5.55567723341254,0.197313522274412
"CATTCCGAGGGAGGGT-2",7.10068243913385,-8.28284797788896
"CGTCAGGGTCTTCAAG-3",-7.02475148268011,1.16908075689039
"AACCATGTCAGTTGAC-4",-10.5518167597797,-1.39181921602526
"GAGATGGTCCATCTCG-2",10.3084689991924,-4.33147297025957
"ACGCCAGGTAAACACA-4",-10.0973508936909,0.922701619851209
"GTCCTCAAGTCTAACC-2",9.44346875123712,-5.85879192472734
"ACACCAATCACCTCGT-4",-10.9769313914326,-0.813875414145373
"ACGCAGCGTTCCATGA-3",-7.11993199415472,0.13421827583275
"ATTTCTGCATCCCATC-3",-6.97119885511664,-1.25396201731005
"ACTTAGGGTGAGCGAT-1",6.60177892617914,11.6059345233317
"CTCGGGAAGAATGTTG-4",-9.23089200086859,1.92569711087904
"CTCGGAGAGTTTGCGT-3",-6.27790623731879,-1.11421892763414
"GGATGTTGTTGCCTCT-4",-12.144723711684,-0.728209770930193
"ACTTTCAAGATCCTGT-4",-11.8303382975605,-1.46512839914598
"GTGCGGTCAAGAGTCG-3",-6.46840935774115,1.71969618676863
"TAAGAGAAGCACACAG-4",-12.4498174769428,0.0171024429675118
"GTCTTTATCAAACCTG-2",7.04118317537042,-7.69163332105913
"CTCAAGATCTGTAAGC-1",12.07774561815,4.08409681199751
"CACAGATCATCTCATT-2",8.33603829316827,-4.39110479475298
"TGGTTAGTCGCTTGAA-2",7.41830843858453,-6.77190361143389
"TTGCGTCAGGCCCTTG-4",-12.0905550105121,0.703320168244459
"GTGCATACAAACGTGG-4",-8.90566426344183,1.85878553270064
"TTAACTCGTATTCTCT-4",-11.3233945948627,-0.516536213171862
"GCATGCGCAAGGCTCC-4",-8.03005009718207,1.44989325879774
"ATTATCCCACGCGCTA-2",6.7095229046795,-2.49348578573503
"GTAGATCAGGGCTAAC-1",10.5208222287151,6.11507739900313
"TTCCACGCACCGGAAA-1",6.33981293611261,-0.31134972692766
"GACTGCGGTGTGGTTT-4",-12.0391214472797,0.422411494242765
"GCTTTCGGTCGACTTA-2",7.64621609620782,-6.93271074415483
"GCGTTTCTCTAAGGAA-1",6.11133665017816,-0.396256543410204
"TTCGGTCGTACCAGTT-3",-7.03463154859808,-0.845621443999194
"CCCATTGGTTACCCAA-2",9.98717755250665,-8.40693245054521
"ATCATGGTCCACGACG-3",-8.35656052656439,1.94967117189131
"ACGTTCCCAGGGTTGA-1",8.36557549409601,6.269512556779
"GGGAATGTCTTCTGGC-3",-5.76854020185736,-1.69334743143358
"CCTCAGTAGTGTACTC-4",-10.8804052454975,-0.697280324709795
"CCGAACGCAAATTAGG-2",10.2593366520855,-4.87392959715166
"TGGTGATCAAGCCATT-1",6.70510548524591,-0.772310532343768
"CGCTATCTCGTAGGTT-4",-12.2316654307392,-1.53157982946672
"ATCCACCAGTTCACTG-1",10.8808433430645,3.99374356149397
"AGGTCATAGGATGTTA-1",11.9919006245587,4.82632484315596
"GGGCACTGTCGCATCG-3",-5.60376053877142,-0.250907726300143
"GTGACGCGTCATGCAT-1",6.16834372453424,12.643988035905
"CCCTTAGAGTCTTGGT-1",6.13206976823541,11.6577991473552
"GCGATCGCATGCAGGA-2",9.2859446423504,-8.32401523710527
"TCTTTCCCAGCCTGTG-4",-10.7766464335468,0.610443823325254
"CCTTCCCAGTATGACA-4",-11.1896017176655,-0.788054682028674
"TAACCAGAGACTGGGT-2",6.77770584993097,-2.61445579649248
"AGCCAGCTCAAGCCAT-2",8.84528368882867,-4.28390751005449
"ACCGTAACACTGTTAG-3",-8.34853535719183,-1.66214010835924
"CAGATCATCAACTCTT-4",-8.68008500166205,1.88483288167677
"GGTGTTAAGCGTGTCC-3",-7.37115937299994,-2.06050429464617
"CATCGTCGTTGCCGCA-1",9.32240933351251,6.91333379625044
"CCTACACTCAGTTGAC-3",-7.27760773725775,-2.44399342657366
"TTTCCTCAGTCTAGCT-1",6.80409068040582,-0.708612777007006
"CTGTTTATCTATCCCG-4",-9.24891453810004,1.56565263150892
"CACCAGGCACCTCGTT-4",-10.4749048335102,0.34869144140444
"GCCTGTTTCGCTTACC-2",8.28398722581598,-4.4740530026082
"CAGCCAGTCATCGGGC-2",9.06924265794489,-6.47227010847368
"TGGCCAGCATTGGCGC-3",-7.96165543623236,-2.66211328626909
"AGCCTAATCAGTTGAC-4",-10.6727588755634,-0.764289892924212
"TCGGTAATCTGCAAGT-4",-12.5279195887592,-1.11787781835832
"TCTTTCCAGAGGTTGC-4",-9.40240651197699,2.5978943335887
"CATTTCACACTATCGA-2",8.0778204815838,-5.60513839842119
"TGTGCGGGTTTACCAG-1",6.95322913102838,10.0412239062663
"AGGACTTTCACGGACC-1",8.59953612260553,6.91142549394331
"AGCAGCCTCTGGCGAC-4",-10.727674303725,0.287050314533331
"AGTGAGGAGCCTATGT-4",-9.48272305555609,0.0616092163201347
"TTGTGTTAGAATAGTC-2",7.11783665590021,-7.04022226454058
"GGGTCTGAGTCTAACC-1",9.8670107739422,6.91639985917769
"GGCTGGTCATGCTAGT-4",-8.99850159712103,0.118286498176672
"GTTTACTTCCCGAAAT-1",8.11541098527643,7.19530000566206
"GATGAGGCATAACTCG-2",11.1863347905132,-4.33721170545854
"GCTTGAACATCGGGTC-4",-10.5185363871601,0.632591121184446
"CTACCTGTCGTTGTGA-1",5.61500543527338,6.03349676011763
"ATATCCTCAACCAGAG-1",11.3227407353375,5.23925199388228
"AGCTTGAAGGCCATAG-4",-12.532419024184,0.0251947569724098
"TGGTTCCAGCTAACTC-4",-10.7575309855488,-2.14969024778642
"CGTGTCTTCTTTCTAG-2",9.96711033754083,-8.28267917753496
"GCGATCGAGTAACGAT-2",7.10302466325494,-2.55238661886492
"AGAACAATCTGGCTGG-2",8.96623152665826,-6.01316509367266
"CGGGCATCAAGTTCGT-1",9.05572718553278,7.29378642915449
